{
  "project_info": {
    "project_number": "487195058314",
    "project_id": "toothhero-4102d",
    "storage_bucket": "toothhero-4102d.appspot.com"
  },
  "client": [
    {
      "client_info": {
        "mobilesdk_app_id": "1:487195058314:android:195c6a0b6999d648584d73",
        "android_client_info": {
          "package_name": "com.example.ToothHero"
        }
      },
      "oauth_client": [
        {
          "client_id": "487195058314-hphtsokfh6k2kj4mh55eq7igpdk85dhf.apps.googleusercontent.com",
          "client_type": 3
        }
      ],
      "api_key": [
        {
          "current_key": "AIzaSyBwiUUfaPge_InSPJQfYGb6r9BKts3ajjA"
        }
      ],
      "services": {
        "appinvite_service": {
          "other_platform_oauth_client": [
            {
              "client_id": "487195058314-hphtsokfh6k2kj4mh55eq7igpdk85dhf.apps.googleusercontent.com",
              "client_type": 3
            },
            {
              "client_id": "487195058314-b340m7h2243m4cuplh3htjngj79nrm44.apps.googleusercontent.com",
              "client_type": 2,
              "ios_info": {
                "bundle_id": "com.example.toothheroSocorrista"
              }
            }
          ]
        }
      }
    },
    {
      "client_info": {
        "mobilesdk_app_id": "1:487195058314:android:fb6f7a26304c84d4584d73",
        "android_client_info": {
          "package_name": "com.example.toothhero_socorrista"
        }
      },
      "oauth_client": [
        {
          "client_id": "487195058314-hphtsokfh6k2kj4mh55eq7igpdk85dhf.apps.googleusercontent.com",
          "client_type": 3
        }
      ],
      "api_key": [
        {
          "current_key": "AIzaSyBwiUUfaPge_InSPJQfYGb6r9BKts3ajjA"
        }
      ],
      "services": {
        "appinvite_service": {
          "other_platform_oauth_client": [
            {
              "client_id": "487195058314-hphtsokfh6k2kj4mh55eq7igpdk85dhf.apps.googleusercontent.com",
              "client_type": 3
            },
            {
              "client_id": "487195058314-b340m7h2243m4cuplh3htjngj79nrm44.apps.googleusercontent.com",
              "client_type": 2,
              "ios_info": {
                "bundle_id": "com.example.toothheroSocorrista"
              }
            }
          ]
        }
      }
    },
    {
      "client_info": {
        "mobilesdk_app_id": "1:487195058314:android:bdfa535248a64514584d73",
        "android_client_info": {
          "package_name": "com.tfxsoftware.toothhero"
        }
      },
      "oauth_client": [
        {
          "client_id": "487195058314-hphtsokfh6k2kj4mh55eq7igpdk85dhf.apps.googleusercontent.com",
          "client_type": 3
        }
      ],
      "api_key": [
        {
          "current_key": "AIzaSyBwiUUfaPge_InSPJQfYGb6r9BKts3ajjA"
        }
      ],
      "services": {
        "appinvite_service": {
          "other_platform_oauth_client": [
            {
              "client_id": "487195058314-hphtsokfh6k2kj4mh55eq7igpdk85dhf.apps.googleusercontent.com",
              "client_type": 3
            },
            {
              "client_id": "487195058314-b340m7h2243m4cuplh3htjngj79nrm44.apps.googleusercontent.com",
              "client_type": 2,
              "ios_info": {
                "bundle_id": "com.example.toothheroSocorrista"
              }
            }
          ]
        }
      }
    }
  ],
  "configuration_version": "1"
}